"Estimate","Est.Error","low","up","authors"
0.0141807804164262,0.00592360069593188,0.00254729851910158,0.0261921959474104,"2"
0.0649970262652897,0.00466652745429975,0.0558208635303652,0.074164911681474,"3"
0.0639957621247551,0.00420714227740756,0.0559316462777341,0.0721959578333992,"4"
0.0654408514633472,0.00154668335977469,0.0624270293367586,0.0684368256523439,"5+"
